Variables,Estimate,Error,Tvalue
Intercept,16679.304340950377,1708.1572870516122,9.764501470318296
seasonID_cat,0.3833939272944938,0.018586468496781625,20.62758330668793
shelf_price,-52.434878685646105,17.22318507522188,-3.044435652095587
Desire,1.4989751241807663,7.634855211978033,0.19633314353218922
fb_total_imp_t,144.18880811554484,139.2952691048817,1.035130690669606
DIS_IMP_t,8.734582076101562,106.45739591522782,0.08204767739253102
US_YT_percinview_t,93.43493618363784,376.9974249626828,0.24783971984128678
RelAVG_P_CapM,-688.6710744792676,1073.7284903544855,-0.6413828827918189
