Orig_Variable,Trans_Variable,AggregateVariable,Variable_Type,Include,VaryBy,Transform,TransformType,Lag,Scale,Effective,Recency,Decay,Period,Window,Trim,Prior_Mean,Prior_SD,Simulate,Spent_Variable,VIF,Estimate,Error,Tvalue,R2,DW
Intercept,Intercept,Base,Trend,1,None,N,None,NA,1,NA,NA,0,0,NA,NA,0,1000000000,N,NA,NA,16679.304340950377,1708.1572870516122,9.764501470318296,0.8986658587756099,1.3666096003806867
seasonID_cat,seasonID_cat,Base,Trend,1,None,N,ma,NA,1,NA,NA,NA,NA,2,NA,0,1000000000,N,NA,2.011269583546063,0.3833939272944938,0.018586468496781625,20.62758330668793,0.8986658587756099,1.3666096003806867
shelf_price,shelf_price,Base,Trend,1,None,N,log,NA,1,NA,NA,0,0,NA,NA,0,1000000000,N,NA,1.3898175050779638,-52.434878685646105,17.22318507522188,-3.044435652095587,0.8986658587756099,1.3666096003806867
Desire,Desire,Brandhealth,Trend,1,None,N,None,NA,1,NA,NA,0,0,NA,NA,5,8,N,NA,1.265277488662422,1.4989751241807663,7.634855211978033,0.19633314353218922,0.8986658587756099,1.3666096003806867
fb_total_imp,fb_total_imp_t,Facebook,Marketing,1,None,Y,adstockv2_log,NA,2e-7,NA,NA,0.9,1,NA,NA,0,1000000000,Y,fb_total_spd,2.1959422667397104,144.18880811554484,139.2952691048817,1.035130690669606,0.8986658587756099,1.3666096003806867
DIS_IMP,DIS_IMP_t,Display,Marketing,1,None,Y,adstockv2_log,NA,2e-7,NA,NA,0.9,1,NA,NA,0,1000000000,Y,DIS_COST,1.4084124894286012,8.734582076101562,106.45739591522782,0.08204767739253102,0.8986658587756099,1.3666096003806867
US_YT_percinview,US_YT_percinview_t,Youtube,Marketing,1,None,Y,adstockv2_log,NA,1.37e-6,NA,NA,0.9,1,NA,NA,0,1000000000,Y,US_YT_Spend,1.8900569940608656,93.43493618363784,376.9974249626828,0.24783971984128678,0.8986658587756099,1.3666096003806867
RelAVG_P_CapM,RelAVG_P_CapM,Base,Trend,1,None,N,None,NA,1,NA,NA,NA,NA,NA,NA,0,1000000000,Y,NA,1.5621390477023187,-688.6710744792676,1073.7284903544855,-0.6413828827918189,0.8986658587756099,1.3666096003806867
